{"training": {"timestamp": "2021-08-26T03_23_00", "training": true, "difficulty": "beginner-rl", "level": 10, "success_frame": [20, 40, 60, 80, 100, 120, 140, 160, 180, 200, 220, 240, 260, 280, 300, 320, 340, 360, 380, 400, 420, 440, 460, 480, 500, 520, 540, 560, 580, 600, 620, 640, 660, 680, 700, 720, 740, 760, 780, 800, 820, 840, 860, 880, 900, 920, 940, 960, 980, 1000, 1020, 1040, 1060, 1080, 1100, 1120, 1140, 1160, 1180, 1200, 1220, 1240, 1260, 1280, 1300, 1320, 1340, 1360, 1380, 1400, 1420, 1440], "success_value": [0.0, 0.1, 0.15, 0.1, 0.05, 0.0, 0.0, 0.05, 0.0, 0.15, 0.05, 0.05, 0.05, 0.15, 0.2, 0.15, 0.15, 0.15, 0.0, 0.0, 0.05, 0.0, 0.1, 0.1, 0.0, 0.1, 0.0, 0.0, 0.0, 0.05, 0.0, 0.0, 0.0, 0.0, 0.0, 0.0, 0.0, 0.0, 0.0, 0.05, 0.0, 0.0, 0.0, 0.0, 0.0, 0.0, 0.0, 0.0, 0.0, 0.0, 0.0, 0.0, 0.0, 0.0, 0.0, 0.0, 0.0, 0.0, 0.0, 0.0, 0.0, 0.0, 0.0, 0.0, 0.0, 0.0, 0.0, 0.0, 0.0, 0.0, 0.0, 0.0], "reward_frame": [], "reward_value": [], "dist_frame": [20, 40, 60, 80, 100, 120, 140, 160, 180, 200, 220, 240, 260, 280, 300, 320, 340, 360, 380, 400, 420, 440, 460, 480, 500, 520, 540, 560, 580, 600, 620, 640, 660, 680, 700, 720, 740, 760, 780, 800, 820, 840, 860, 880, 900, 920, 940, 960, 980, 1000, 1020, 1040, 1060, 1080, 1100, 1120, 1140, 1160, 1180, 1200, 1220, 1240, 1260, 1280, 1300, 1320, 1340, 1360, 1380, 1400, 1420, 1440], "dist_value_min_dist": [0.1851214230869595, 0.18173684950789143, 0.14173870807168434, 0.19118954707206418, 0.15228539718651926, 0.17519904033338962, 0.17812293823784023, 0.12326908828308462, 0.19723684056198493, 0.20259831495141487, 0.19644985562118134, 0.20451520568714252, 0.1522193430735912, 0.15971631716608808, 0.19365284629397064, 0.26962988531319937, 0.18467644561674512, 0.3347177868163568, 0.16094211981276846, 0.19127173191108038, 0.15737321650542394, 0.5031431851217606, 0.19552799429696416, 0.2563412239361532, 0.37379309228088986, 0.38019721181238, 0.2535517155754001, 0.3286337064087636, 0.2899043749630824, 0.26466373028335577, 0.29862280057399426, 0.33920978889806014, 0.3176623879650896, 0.5362737609725315, 0.5181583880549832, 0.4442340867511625, 0.4539557748531678, 0.491520445294552, 0.5160799187506161, 0.5032119905313596, 0.48145674081933826, 0.46171777062105884, 0.3962627151170973, 0.41945543613489206, 0.40872240999179316, 0.4452909224613631, 0.4024824974416162, 0.34980435118861963, 0.46157249829433206, 0.4736293837867297, 0.36375267559103575, 0.4672956592016725, 0.5302667204827568, 0.41153513821574494, 0.3862549349087151, 0.41409291649965735, 0.4999386413619013, 0.470172775395355, 0.43609983527609747, 0.4421874239491677, 0.44854614097608125, 0.4569504395422114, 0.5057078299071612, 0.47802636603885673, 0.5238044823959616, 0.49472104250682863, 0.45727998571911027, 0.5544897507419206, 0.42406482041272053, 0.5754382006678466, 0.3816106857602648, 0.3479022173738896], "dist_value_max_z": [0.2408552949049692, 0.2408561125296164, 0.2370277742536519, 0.21045562659890157, 0.23106778935793457, 0.2401321805357996, 0.22504811287212018, 0.24089804098314582, 0.24088587302817216, 0.24087395677034268, 0.23106882679282165, 0.2408260592069534, 0.23110237027230568, 0.22826612433637167, 0.19730005498241804, 0.16521822375825873, 0.2019714539217845, 0.20533618329622177, 0.20318187681555666, 0.18986057814930665, 0.19199397541762842, 0.18206640432536142, 0.1857491556578173, 0.19187129383750462, 0.16284535731386393, 0.13313709045323205, 0.08464914483607909, 0.12422408224041832, 0.16244718716006776, 0.19184133365083642, 0.18213121206309862, 0.13659890641889602, 0.12332969028939036, 0.19180712637134156, 0.19182839281683117, 0.1920365903489834, 0.16260777504616103, 0.1724698137457051, 0.1330735475950579, 0.16243651972208245, 0.15306278003551654, 0.133061469261248, 0.13197412544489293, 0.12250882066489621, 0.13221049082400427, 0.09908346401133594, 0.1324575789319702, 0.15182276014104526, 0.1364774966817294, 0.19209515661554555, 0.1611329020987209, 0.17186788171663342, 0.13397107653068963, 0.18186142600317393, 0.21257429534202657, 0.20343319529114484, 0.13439114966080784, 0.14348122649121903, 0.14267969217979393, 0.1498389696942397, 0.15439579454296054, 0.16971797471326533, 0.1789241534246155, 0.15380058876326883, 0.12018339512243077, 0.18176787866464358, 0.22396279490606252, 0.19190276279535945, 0.14291661994389407, 0.17213670237865558, 0.17223957845013108, 0.20201299041239545]}}