{"training": {"timestamp": "2021-08-26T16_08_31", "training": true, "difficulty": "beginner-rl", "level": 10, "success_frame": [20, 40, 60, 80, 100, 120, 140, 160, 180, 200, 220, 240, 260, 280], "success_value": [0.0, 0.0, 0.0, 0.0, 0.0, 0.0, 0.0, 0.0, 0.0, 0.0, 0.0, 0.0, 0.0, 0.0], "reward_frame": [], "reward_value": [], "dist_frame": [20, 40, 60, 80, 100, 120, 140, 160, 180, 200, 220, 240, 260, 280], "dist_value_min_dist": [0.4052326187660533, 0.4110474426463499, 0.40025183118754726, 0.4236865224017511, 0.4935719696995303, 0.4056268141793076, 0.2879800298154024, 0.33487896489080377, 0.35607599299770964, 0.4176045261548384, 0.3158955995395717, 0.3893237959009376, 0.31566299493762406, 0.31507354875749644], "dist_value_max_z": [0.2114201350428624, 0.23536456272417805, 0.2148746361326336, 0.10060835989573713, 0.13066416120516103, 0.1608014709110059, 0.22123173036731614, 0.2301762678588018, 0.21298750820330486, 0.23949632680249583, 0.24083540463479486, 0.23723069362441063, 0.24168364690249877, 0.2407862035655024]}}